Fulfill Building Line,Setbacks,f(BCR),f(PAR),FSH(Sunlight Hours),f(FSH),f(SSR),AR(Aspect Ratio),f(AR),f(VSymm),f(HSymm)
Success,Success,1.0,0.4213991769547325,9.5,1.0,0.46551724137931033,0.9473684210526315,0.5855058840788477,0.8755208333333333,0.8984375
